ablation,accuracy,aggregation,aggregation_used_final_round,attack,average_benign_trust,average_malicious_trust,benign_client_rejection_rate,benign_updates_rejected,client_loss_variance,convergence_round_f1_0_80,data_mode,detection_f1,detection_precision,detection_recall,distillation,distillation_applied_runs,distillation_rollbacks,distillation_runs,f1,false_negatives,false_positives,feature_skew_strength,malicious_client_detection_rate,mean_client_majority_distance,mean_distillation_duration_ms,mean_pairwise_update_cosine,non_iid_alpha,poison_updates_rejected,precision,recall,seed,study,training_rounds,true_negatives,true_positives,update_norm_dispersion,update_norm_mean
,0.475,FedAvg,FedAvg,none,,,0.0,0,4.885891592354867e-05,,iid,0.0,0.0,0.0,False,0,0,0,0.0,0,0,0.0,0.0,0.018379008639199675,0.0,0.9358311634642005,,0,0.0,0.0,7,matrix,4,20,0,0.06538602819544087,0.08548667344225439
,0.475,FedAvg,FedAvg,none,,,0.0,0,4.885891592354867e-05,,iid,0.0,0.0,0.0,True,0,4,4,0.0,0,0,0.0,0.0,0.018379008639199675,9.2575,0.9358311634642005,,0,0.0,0.0,7,matrix,4,20,0,0.06538602819544087,0.08548667344225439
,0.475,TrustWeightedFedAvg,trust_weighted_fedavg,none,0.858964,,0.0,0,4.5057466034247826e-05,,iid,0.0,0.0,0.0,False,0,0,0,0.0,0,2,0.0,0.0,0.018376258585005474,0.0,0.9362648814359479,,0,0.0,0.0,7,matrix,4,18,0,0.0666951356205477,0.08566683739324257
,0.475,TrustWeightedFedAvg,trust_weighted_fedavg,none,0.858964,,0.0,0,4.5057466034247826e-05,,iid,0.0,0.0,0.0,True,0,4,4,0.0,0,2,0.0,0.0,0.018376258585005474,9.420000000000002,0.9362648814359479,,0,0.0,0.0,7,matrix,4,18,0,0.0666951356205477,0.08566683739324257
,0.475,FedAvg,FedAvg,poison,,,0.0,0,2.637932092562138e-05,,iid,0.0,0.0,0.0,False,0,0,0,0.0,4,0,0.0,0.0,0.37900212435421576,0.0,0.1798828430290605,,0,0.0,0.0,7,matrix,4,16,0,1.4593750852699499,0.4326561499850644
,0.475,FedAvg,FedAvg,poison,,,0.0,0,2.637932092562138e-05,,iid,0.0,0.0,0.0,True,0,4,4,0.0,4,0,0.0,0.0,0.37900212435421576,10.075000000000001,0.1798828430290605,,0,0.0,0.0,7,matrix,4,16,0,1.4593750852699499,0.4326561499850644
,0.475,TrustWeightedFedAvg,trust_weighted_fedavg,poison,0.90614025,0.19208,0.0,0,4.5170761119506e-05,,iid,0.888888888888889,0.8,1.0,False,0,0,0,0.0,0,1,0.0,1.0,0.27853194314362684,0.0,0.17153299112628811,,4,0.0,0.0,7,matrix,4,15,4,1.4491000062113364,0.3145816380356936
,0.475,TrustWeightedFedAvg,trust_weighted_fedavg,poison,0.90614025,0.19208,0.0,0,4.5170761119506e-05,,iid,0.888888888888889,0.8,1.0,True,0,4,4,0.0,0,1,0.0,1.0,0.27853194314362684,8.28325,0.17153299112628811,,4,0.0,0.0,7,matrix,4,15,4,1.4491000062113364,0.3145816380356936
,0.475,FedAvg,FedAvg,none,,,0.0,0,0.0022449943114181627,,mild_non_iid,0.0,0.0,0.0,False,0,0,0,0.0,0,0,0.35,0.0,0.08472236333403296,0.0,0.34780547648803545,2.0,0,0.0,0.0,7,matrix,4,20,0,0.2303299899141526,0.11856111304418396
,0.475,FedAvg,FedAvg,none,,,0.0,0,0.0022449943114181627,,mild_non_iid,0.0,0.0,0.0,True,0,4,4,0.0,0,0,0.35,0.0,0.08472236333403296,9.171,0.34780547648803545,2.0,0,0.0,0.0,7,matrix,4,20,0,0.2303299899141526,0.11856111304418396
,0.475,TrustWeightedFedAvg,trust_weighted_fedavg,none,0.8832382000000001,,0.0,0,0.00215398122790502,,mild_non_iid,0.0,0.0,0.0,False,0,0,0,0.0,0,0,0.35,0.0,0.08475866021298772,0.0,0.34746437303312094,2.0,0,0.0,0.0,7,matrix,4,20,0,0.23159189469846492,0.11862307750650405
,0.475,TrustWeightedFedAvg,trust_weighted_fedavg,none,0.8832382000000001,,0.0,0,0.00215398122790502,,mild_non_iid,0.0,0.0,0.0,True,0,4,4,0.0,0,0,0.35,0.0,0.08475866021298772,9.8125,0.34746437303312094,2.0,0,0.0,0.0,7,matrix,4,20,0,0.23159189469846492,0.11862307750650405
,0.525,FedAvg,FedAvg,poison,,,0.0,0,0.23891197599609199,,mild_non_iid,0.0,0.0,0.0,False,0,0,0,0.6885245901639344,4,0,0.35,0.0,1.7311094143364896,0.0,0.08266755455482257,2.0,0,0.525,1.0,7,matrix,4,16,0,1.6561091307020532,1.8155736250697936
,0.525,FedAvg,FedAvg,poison,,,0.0,0,0.16007343926500026,,mild_non_iid,0.0,0.0,0.0,True,4,0,4,0.6885245901639344,4,0,0.35,0.0,1.5450518239076045,9.3235,0.07974547306978244,2.0,0,0.525,1.0,7,matrix,4,16,0,1.654363810576208,1.6195038872485874
,0.525,TrustWeightedFedAvg,trust_weighted_fedavg,poison,0.928402,0.19208,0.0,0,0.0011897261927968825,3,mild_non_iid,1.0,1.0,1.0,False,0,0,0,0.6885245901639344,0,0,0.35,1.0,0.5576868224835845,0.0,0.016980920945746113,2.0,4,0.525,1.0,7,matrix,4,16,4,1.6199513292321386,0.5732254852317422
,0.525,TrustWeightedFedAvg,trust_weighted_fedavg,poison,0.928402,0.19208,0.0,0,0.0011897261927968825,3,mild_non_iid,1.0,1.0,1.0,True,0,4,4,0.6885245901639344,0,0,0.35,1.0,0.5576868224835845,8.204749999999999,0.016980920945746113,2.0,4,0.525,1.0,7,matrix,4,16,4,1.6199513292321386,0.5732254852317422
,0.475,FedAvg,FedAvg,none,,,0.0,0,0.12167301254151598,,strong_non_iid,0.0,0.0,0.0,False,0,0,0,0.0,0,0,0.85,0.0,0.25572767859490075,0.0,0.17440304511428434,0.2,0,0.0,0.0,7,matrix,4,20,0,0.4955059657930398,0.30965288885645537
,0.475,FedAvg,FedAvg,none,,,0.0,0,0.12167301254151598,,strong_non_iid,0.0,0.0,0.0,True,0,4,4,0.0,0,0,0.85,0.0,0.25572767859490075,9.093250000000001,0.17440304511428434,0.2,0,0.0,0.0,7,matrix,4,20,0,0.4955059657930398,0.30965288885645537
,0.525,TrustWeightedFedAvg,trust_weighted_fedavg,none,0.78911,,0.0,0,0.009802915094822737,,strong_non_iid,0.0,0.0,0.0,False,0,0,0,0.6885245901639344,0,4,0.85,0.0,0.26042880861878553,0.0,0.1385944437359709,0.2,0,0.525,1.0,7,matrix,4,16,0,0.6824010639327444,0.29516643430599354
,0.525,TrustWeightedFedAvg,trust_weighted_fedavg,none,0.7878912,,0.0,0,0.009220605988683885,,strong_non_iid,0.0,0.0,0.0,True,2,2,4,0.6885245901639344,0,4,0.85,0.0,0.26088876824099316,10.5115,0.14580087309721534,0.2,0,0.525,1.0,7,matrix,4,16,0,0.6625875026730094,0.29795413661305187
,0.475,FedAvg,FedAvg,poison,,,0.0,0,0.8095919616719447,,strong_non_iid,0.0,0.0,0.0,False,0,0,0,0.0,4,0,0.85,0.0,1.4007767472896553,0.0,-0.09822685237037312,0.2,0,0.0,0.0,7,matrix,4,16,0,1.4531185380575957,1.44606804028165
,0.475,FedAvg,FedAvg,poison,,,0.0,0,0.8487902377203218,,strong_non_iid,0.0,0.0,0.0,True,3,1,4,0.0,4,0,0.85,0.0,1.4348347133768378,9.079249999999998,-0.09373980983607218,0.2,0,0.0,0.0,7,matrix,4,16,0,1.4567771300494061,1.4814395926985466
,0.475,TrustWeightedFedAvg,trust_weighted_fedavg,poison,0.9156187499999999,0.19208,0.0,0,0.042720064387813846,,strong_non_iid,1.0,1.0,1.0,False,0,0,0,0.0,0,0,0.85,1.0,0.9077737932071115,0.0,-0.12296468932126486,0.2,4,0.0,0.0,7,matrix,4,16,4,1.3238762395816688,0.9305156326531313
,0.475,TrustWeightedFedAvg,trust_weighted_fedavg,poison,0.9156187499999999,0.19208,0.0,0,0.042720064387813846,,strong_non_iid,1.0,1.0,1.0,True,0,4,4,0.0,0,0,0.85,1.0,0.9077737932071115,8.27075,-0.12296468932126486,0.2,4,0.0,0.0,7,matrix,4,16,4,1.3238762395816688,0.9305156326531313
,0.57,FedAvg,FedAvg,none,,,0.0,0,1.4860500955617827e-05,,iid,0.0,0.0,0.0,False,0,0,0,0.7261146496815286,0,0,0.0,0.0,0.02521837025063255,0.0,0.897276860226141,,0,0.57,1.0,42,matrix,4,20,0,0.09260409407278629,0.08787972149809012
,0.57,FedAvg,FedAvg,none,,,0.0,0,1.4860500955617827e-05,,iid,0.0,0.0,0.0,True,0,4,4,0.7261146496815286,0,0,0.0,0.0,0.02521837025063255,9.35825,0.897276860226141,,0,0.57,1.0,42,matrix,4,20,0,0.09260409407278629,0.08787972149809012
,0.57,TrustWeightedFedAvg,trust_weighted_fedavg,none,0.7756036,,0.0,0,1.5820021903134204e-05,,iid,0.0,0.0,0.0,False,0,0,0,0.7261146496815286,0,3,0.0,0.0,0.025216671141845663,0.0,0.8967462670642335,,0,0.57,1.0,42,matrix,4,17,0,0.09143890937657083,0.08772786446643666
,0.57,TrustWeightedFedAvg,trust_weighted_fedavg,none,0.7756036,,0.0,0,1.5820021903134204e-05,,iid,0.0,0.0,0.0,True,0,4,4,0.7261146496815286,0,3,0.0,0.0,0.025216671141845663,9.231750000000002,0.8967462670642335,,0,0.57,1.0,42,matrix,4,17,0,0.09143890937657083,0.08772786446643666
,0.57,FedAvg,FedAvg,poison,,,0.0,0,0.0006385824831122364,,iid,0.0,0.0,0.0,False,0,0,0,0.7261146496815286,4,0,0.0,0.0,0.4565434804909541,0.0,0.18256430939988683,,0,0.57,1.0,42,matrix,4,16,0,1.5113008667686407,0.5118269643672586
,0.57,FedAvg,FedAvg,poison,,,0.0,0,0.0006385824831122364,,iid,0.0,0.0,0.0,True,1,3,4,0.7261146496815286,4,0,0.0,0.0,0.4565434804909541,9.062999999999999,0.18256430939988683,,0,0.57,1.0,42,matrix,4,16,0,1.5113008667686407,0.5118269643672586
,0.57,TrustWeightedFedAvg,trust_weighted_fedavg,poison,0.9350505,0.19208,0.0,0,1.505996776535995e-05,,iid,1.0,1.0,1.0,False,0,0,0,0.7261146496815286,0,0,0.0,1.0,0.3183030523600665,0.0,0.16990565037341757,,4,0.57,1.0,42,matrix,4,16,4,1.5047408351580647,0.3511039705028829
,0.57,TrustWeightedFedAvg,trust_weighted_fedavg,poison,0.9350505,0.19208,0.0,0,1.505996776535995e-05,,iid,1.0,1.0,1.0,True,0,4,4,0.7261146496815286,0,0,0.0,1.0,0.3183030523600665,8.20625,0.16990565037341757,,4,0.57,1.0,42,matrix,4,16,4,1.5047408351580647,0.3511039705028829
,0.57,FedAvg,FedAvg,none,,,0.0,0,0.0004772960624439476,,mild_non_iid,0.0,0.0,0.0,False,0,0,0,0.7261146496815286,0,0,0.35,0.0,0.09282844287404354,0.0,0.36387438756689205,2.0,0,0.57,1.0,42,matrix,4,20,0,0.39663406101825316,0.12362164922168159
,0.57,FedAvg,FedAvg,none,,,0.0,0,0.0004772960624439476,,mild_non_iid,0.0,0.0,0.0,True,0,4,4,0.7261146496815286,0,0,0.35,0.0,0.09282844287404354,9.574750000000002,0.36387438756689205,2.0,0,0.57,1.0,42,matrix,4,20,0,0.39663406101825316,0.12362164922168159
,0.5925,TrustWeightedFedAvg,trust_weighted_fedavg,none,0.8790878,,0.0,0,0.0004812276874858565,,mild_non_iid,0.0,0.0,0.0,False,0,0,0,0.7366720516962844,0,0,0.35,0.0,0.0928266778575442,0.0,0.36431093662516867,2.0,0,0.5831202046035806,1.0,42,matrix,4,20,0,0.3963784986510104,0.12365843988778169
,0.5925,TrustWeightedFedAvg,trust_weighted_fedavg,none,0.8790878,,0.0,0,0.0004812276874858565,,mild_non_iid,0.0,0.0,0.0,True,0,4,4,0.7366720516962844,0,0,0.35,0.0,0.0928266778575442,10.810749999999999,0.36431093662516867,2.0,0,0.5831202046035806,1.0,42,matrix,4,20,0,0.3963784986510104,0.12365843988778169
,0.43,FedAvg,FedAvg,poison,,,0.0,0,0.03180383218307672,,mild_non_iid,0.0,0.0,0.0,False,0,0,0,0.0,4,0,0.35,0.0,0.7092681261172455,0.0,0.19757733176532255,2.0,0,0.0,0.0,42,matrix,4,16,0,1.5769896272215456,0.7546856731020606
,0.43,FedAvg,FedAvg,poison,,,0.0,0,0.031035538539598364,,mild_non_iid,0.0,0.0,0.0,True,3,1,4,0.0,4,0,0.35,0.0,0.7232271502224461,10.629000000000001,0.1997008301941301,2.0,0,0.0,0.0,42,matrix,4,16,0,1.5726916966756912,0.7707740420910041
,0.43,TrustWeightedFedAvg,trust_weighted_fedavg,poison,0.91882525,0.19208,0.0,0,0.001119705403021194,,mild_non_iid,1.0,1.0,1.0,False,0,0,0,0.0,0,0,0.35,1.0,0.451701876453027,0.0,0.2474106935811167,2.0,4,0.0,0.0,42,matrix,4,16,4,1.5027760783042547,0.4868210292954637
,0.43,TrustWeightedFedAvg,trust_weighted_fedavg,poison,0.91882525,0.19208,0.0,0,0.001119705403021194,,mild_non_iid,1.0,1.0,1.0,True,0,4,4,0.0,0,0,0.35,1.0,0.451701876453027,10.56525,0.2474106935811167,2.0,4,0.0,0.0,42,matrix,4,16,4,1.5027760783042547,0.4868210292954637
,0.43,FedAvg,FedAvg,none,,,0.0,0,0.0023727074152041488,3,strong_non_iid,0.0,0.0,0.0,False,0,0,0,0.0,0,0,0.85,0.0,0.1514668204753407,0.0,0.0833273307536934,0.2,0,0.0,0.0,42,matrix,4,20,0,0.33811252079164483,0.17076360149260866
,0.43,FedAvg,FedAvg,none,,,0.0,0,0.0023727074152041488,3,strong_non_iid,0.0,0.0,0.0,True,0,4,4,0.0,0,0,0.85,0.0,0.1514668204753407,10.256499999999999,0.0833273307536934,0.2,0,0.0,0.0,42,matrix,4,20,0,0.33811252079164483,0.17076360149260866
,0.43,TrustWeightedFedAvg,trust_weighted_fedavg,none,0.9171189999999999,,0.0,0,0.002432931938086175,3,strong_non_iid,0.0,0.0,0.0,False,0,0,0,0.0,0,0,0.85,0.0,0.15143745761803604,0.0,0.08343349902339181,0.2,0,0.0,0.0,42,matrix,4,20,0,0.3378958146254076,0.17074131057583705
,0.43,TrustWeightedFedAvg,trust_weighted_fedavg,none,0.9171189999999999,,0.0,0,0.002432931938086175,3,strong_non_iid,0.0,0.0,0.0,True,0,4,4,0.0,0,0,0.85,0.0,0.15143745761803604,9.672999999999998,0.08343349902339181,0.2,0,0.0,0.0,42,matrix,4,20,0,0.3378958146254076,0.17074131057583705
,0.43,FedAvg,FedAvg,poison,,,0.0,0,0.09138859645507198,,strong_non_iid,0.0,0.0,0.0,False,0,0,0,0.0,4,0,0.85,0.0,0.8795284788319304,0.0,0.11215439369907894,0.2,0,0.0,0.0,42,matrix,4,16,0,1.6167910093955098,0.9027606486649332
,0.43,FedAvg,FedAvg,poison,,,0.0,0,0.12546618977750904,,strong_non_iid,0.0,0.0,0.0,True,4,0,4,0.0,4,0,0.85,0.0,0.9549920194888517,9.55525,0.12634527093978215,0.2,0,0.0,0.0,42,matrix,4,16,0,1.6170282320315557,0.9825109134496144
,0.43,TrustWeightedFedAvg,trust_weighted_fedavg,poison,0.8962302500000001,0.19208,0.0,0,0.00506239364410042,,strong_non_iid,1.0,1.0,1.0,False,0,0,0,0.0,0,0,0.85,1.0,0.7284032938773265,0.0,0.1640002186009852,0.2,4,0.0,0.0,42,matrix,4,16,4,1.5766064248266292,0.757313658264154
,0.43,TrustWeightedFedAvg,trust_weighted_fedavg,poison,0.8962302500000001,0.19208,0.0,0,0.00506239364410042,,strong_non_iid,1.0,1.0,1.0,True,0,4,4,0.0,0,0,0.85,1.0,0.7284032938773265,9.83025,0.1640002186009852,0.2,4,0.0,0.0,42,matrix,4,16,4,1.5766064248266292,0.757313658264154
,0.5025,FedAvg,FedAvg,none,,,0.0,0,3.769107370948623e-06,1,iid,0.0,0.0,0.0,False,0,0,0,0.6688851913477537,0,0,0.0,0.0,0.016578838957665282,0.0,0.9460777994931056,,0,0.5025,1.0,99,matrix,4,20,0,0.016624577137756794,0.08613422118361791
,0.5025,FedAvg,FedAvg,none,,,0.0,0,3.769107370948623e-06,1,iid,0.0,0.0,0.0,True,0,4,4,0.6688851913477537,0,0,0.0,0.0,0.016578838957665282,9.44975,0.9460777994931056,,0,0.5025,1.0,99,matrix,4,20,0,0.016624577137756794,0.08613422118361791
,0.5025,TrustWeightedFedAvg,trust_weighted_fedavg,none,0.8834202,,0.0,0,4.0078613799069105e-06,1,iid,0.0,0.0,0.0,False,0,0,0,0.6688851913477537,0,1,0.0,0.0,0.016579374251423033,0.0,0.9460742315539796,,0,0.5025,1.0,99,matrix,4,19,0,0.01644163465677563,0.08614153160154542
,0.5025,TrustWeightedFedAvg,trust_weighted_fedavg,none,0.8834202,,0.0,0,4.0078613799069105e-06,1,iid,0.0,0.0,0.0,True,0,4,4,0.6688851913477537,0,1,0.0,0.0,0.016579374251423033,9.80925,0.9460742315539796,,0,0.5025,1.0,99,matrix,4,19,0,0.01644163465677563,0.08614153160154542
,0.4975,FedAvg,FedAvg,poison,,,0.0,0,9.454512719331253e-06,,iid,0.0,0.0,0.0,False,0,0,0,0.0,4,0,0.0,0.0,0.3961411324162905,0.0,0.18959243612275697,,0,0.0,0.0,99,matrix,4,16,0,1.4726072767772216,0.4542606752472652
,0.4975,FedAvg,FedAvg,poison,,,0.0,0,9.454512719331253e-06,,iid,0.0,0.0,0.0,True,0,4,4,0.0,4,0,0.0,0.0,0.3961411324162905,9.488999999999999,0.18959243612275697,,0,0.0,0.0,99,matrix,4,16,0,1.4726072767772216,0.4542606752472652
,0.5025,TrustWeightedFedAvg,trust_weighted_fedavg,poison,0.8776455000000001,0.19208,0.0,0,4.161259432117187e-06,1,iid,0.888888888888889,0.8,1.0,False,0,0,0,0.6688851913477537,0,1,0.0,1.0,0.29004864314303264,0.0,0.18307750490053065,,4,0.5025,1.0,99,matrix,4,15,4,1.4756529699657164,0.3283088039087309
,0.5025,TrustWeightedFedAvg,trust_weighted_fedavg,poison,0.8776455000000001,0.19208,0.0,0,4.161259432117187e-06,1,iid,0.888888888888889,0.8,1.0,True,0,4,4,0.6688851913477537,0,1,0.0,1.0,0.29004864314303264,8.2865,0.18307750490053065,,4,0.5025,1.0,99,matrix,4,15,4,1.4756529699657164,0.3283088039087309
,0.5025,FedAvg,FedAvg,none,,,0.0,0,0.00011595930039767666,,mild_non_iid,0.0,0.0,0.0,False,0,0,0,0.6688851913477537,0,0,0.35,0.0,0.07625093947421,0.0,0.4391290118472078,2.0,0,0.5025,1.0,99,matrix,4,20,0,0.22942476578578813,0.10657642776087772
,0.5025,FedAvg,FedAvg,none,,,0.0,0,0.00011595930039767666,,mild_non_iid,0.0,0.0,0.0,True,0,4,4,0.6688851913477537,0,0,0.35,0.0,0.07625093947421,9.299,0.4391290118472078,2.0,0,0.5025,1.0,99,matrix,4,20,0,0.22942476578578813,0.10657642776087772
,0.5025,TrustWeightedFedAvg,trust_weighted_fedavg,none,0.9005366,,0.0,0,0.00011279475600730395,,mild_non_iid,0.0,0.0,0.0,False,0,0,0,0.6688851913477537,0,0,0.35,0.0,0.07624647741304648,0.0,0.438988566813458,2.0,0,0.5025,1.0,99,matrix,4,20,0,0.22946380581453102,0.10655011986526369
,0.5025,TrustWeightedFedAvg,trust_weighted_fedavg,none,0.9005366,,0.0,0,0.00011279475600730395,,mild_non_iid,0.0,0.0,0.0,True,0,4,4,0.6688851913477537,0,0,0.35,0.0,0.07624647741304648,9.14375,0.438988566813458,2.0,0,0.5025,1.0,99,matrix,4,20,0,0.22946380581453102,0.10655011986526369
,0.4975,FedAvg,FedAvg,poison,,,0.0,0,0.002508284805920979,,mild_non_iid,0.0,0.0,0.0,False,0,0,0,0.0,4,0,0.35,0.0,0.4301131208350161,0.0,0.1101943173230546,2.0,0,0.0,0.0,99,matrix,4,16,0,1.4793662602422366,0.45186313642764125
,0.4975,FedAvg,FedAvg,poison,,,0.0,0,0.004097068383557243,,mild_non_iid,0.0,0.0,0.0,True,4,0,4,0.0,4,0,0.35,0.0,0.474077032251837,10.353250000000001,0.1137836580013678,2.0,0,0.0,0.0,99,matrix,4,16,0,1.4855929975108484,0.49882597609609486
,0.5025,TrustWeightedFedAvg,trust_weighted_fedavg,poison,0.93950775,0.19208,0.0,0,0.0001513484481453986,,mild_non_iid,1.0,1.0,1.0,False,0,0,0,0.6688851913477537,0,0,0.35,1.0,0.3778110026611244,0.0,0.12016117269075613,2.0,4,0.5025,1.0,99,matrix,4,16,4,1.4579676564105692,0.3972676554330632
,0.5025,TrustWeightedFedAvg,trust_weighted_fedavg,poison,0.93950775,0.19208,0.0,0,0.0001513484481453986,,mild_non_iid,1.0,1.0,1.0,True,0,4,4,0.6688851913477537,0,0,0.35,1.0,0.3778110026611244,8.30425,0.12016117269075613,2.0,4,0.5025,1.0,99,matrix,4,16,4,1.4579676564105692,0.3972676554330632
,0.4975,FedAvg,FedAvg,none,,,0.0,0,0.02064908015281756,,strong_non_iid,0.0,0.0,0.0,False,0,0,0,0.0,0,0,0.85,0.0,0.1931742644628081,0.0,0.1730668828622483,0.2,0,0.0,0.0,99,matrix,4,20,0,0.46478513569713564,0.22724492831204662
,0.4975,FedAvg,FedAvg,none,,,0.0,0,0.02064908015281756,,strong_non_iid,0.0,0.0,0.0,True,0,4,4,0.0,0,0,0.85,0.0,0.1931742644628081,9.180250000000001,0.1730668828622483,0.2,0,0.0,0.0,99,matrix,4,20,0,0.46478513569713564,0.22724492831204662
,0.5025,TrustWeightedFedAvg,trust_weighted_fedavg,none,0.7776222,,0.0,0,0.0031459646094020863,,strong_non_iid,0.0,0.0,0.0,False,0,0,0,0.6688851913477537,0,4,0.85,0.0,0.1955003484951487,0.0,0.13816801372449705,0.2,0,0.5025,1.0,99,matrix,4,16,0,0.592527288686265,0.21991642381156964
,0.5025,TrustWeightedFedAvg,trust_weighted_fedavg,none,0.7776222,,0.0,0,0.0031459646094020863,,strong_non_iid,0.0,0.0,0.0,True,0,4,4,0.6688851913477537,0,4,0.85,0.0,0.1955003484951487,9.454,0.13816801372449705,0.2,0,0.5025,1.0,99,matrix,4,16,0,0.592527288686265,0.21991642381156964
,0.5025,FedAvg,FedAvg,poison,,,0.0,0,1428.6555013304867,,strong_non_iid,0.0,0.0,0.0,False,0,0,0,0.6688851913477537,4,0,0.85,0.0,12.368115913938123,0.0,0.15777829094153864,0.2,0,0.5025,1.0,99,matrix,4,16,0,1.875691018531393,12.427362547123357
,0.5025,FedAvg,FedAvg,poison,,,0.0,0,1261.2270102451089,,strong_non_iid,0.0,0.0,0.0,True,4,0,4,0.6688851913477537,4,0,0.85,0.0,10.82651463608638,10.088000000000001,0.20476763530104056,0.2,0,0.5025,1.0,99,matrix,4,16,0,1.876530160459603,10.906130322879697
,0.5025,TrustWeightedFedAvg,trust_weighted_fedavg,poison,0.940078,0.19208,0.0,0,0.006245803669212034,,strong_non_iid,1.0,1.0,1.0,False,0,0,0,0.6688851913477537,0,0,0.85,1.0,1.5044763139332513,0.0,0.5753594112924294,0.2,4,0.5025,1.0,99,matrix,4,16,4,1.8038532252336168,1.5700834665337435
,0.5025,TrustWeightedFedAvg,trust_weighted_fedavg,poison,0.940078,0.19208,0.0,0,0.006245803669212034,,strong_non_iid,1.0,1.0,1.0,True,0,4,4,0.6688851913477537,0,0,0.85,1.0,1.5044763139332513,10.71125,0.5753594112924294,0.2,4,0.5025,1.0,99,matrix,4,16,4,1.8038532252336168,1.5700834665337435
fedavg,0.475,FedAvg,FedAvg,poison,,,0.0,0,0.8095919616719447,,strong_non_iid,0.0,0.0,0.0,False,0,0,0,0.0,4,0,0.85,0.0,1.4007767472896553,0.0,-0.09822685237037312,0.2,0,0.0,0.0,7,ablation,4,16,0,1.4531185380575957,1.44606804028165
fedavg_plus_clipping,0.475,fedavg_plus_clipping,fedavg_plus_clipping,poison,,,0.0,0,0.11513360693859676,,strong_non_iid,0.0,0.0,0.0,False,0,0,0,0.0,4,0,0.85,0.0,0.974710875080923,0.0,-0.1267243411336557,0.2,0,0.0,0.0,7,ablation,4,16,0,1.3581730216920245,0.9998755580736103
coordinate_median,0.525,coordinate_median,coordinate_median,poison,,,0.0,0,0.008616528998909662,,strong_non_iid,0.0,0.0,0.0,False,0,0,0,0.6885245901639344,4,0,0.85,0.0,0.8513915456518077,0.0,-0.12064817121100489,0.2,0,0.525,1.0,7,ablation,4,16,0,1.290922443902399,0.8717280451948346
trimmed_mean,0.475,trimmed_mean,trimmed_mean,poison,,,0.0,0,0.051664760856858005,,strong_non_iid,0.0,0.0,0.0,False,0,0,0,0.0,4,0,0.85,0.0,0.927355502408869,0.0,-0.1270704034454757,0.2,0,0.0,0.0,7,ablation,4,16,0,1.3356641247857897,0.9501643065725452
trust_weighted_current_round,0.475,TrustWeightedFedAvg,trust_weighted_fedavg,poison,0.95563275,0.0,0.0,0,0.06631752371810226,,strong_non_iid,1.0,1.0,1.0,False,0,0,0,0.0,0,0,0.85,1.0,0.9344422457760732,0.0,-0.12515106295289635,0.2,4,0.0,0.0,7,ablation,4,16,4,1.3370038488956602,0.9578048251703881
trust_plus_historical_reputation,0.475,TrustWeightedFedAvg,trust_weighted_fedavg,poison,0.91708775,0.19208,0.0,0,0.07746073714214913,,strong_non_iid,1.0,1.0,1.0,False,0,0,0,0.0,0,0,0.85,1.0,0.9450311339031845,0.0,-0.1258337578390017,0.2,4,0.0,0.0,7,ablation,4,16,4,1.3424651576952076,0.9688222501117275
trust_plus_clipping,0.475,TrustWeightedFedAvg,trust_weighted_fedavg,poison,0.9156187499999999,0.19208,0.0,0,0.042720064387813846,,strong_non_iid,1.0,1.0,1.0,False,0,0,0,0.0,0,0,0.85,1.0,0.9077737932071115,0.0,-0.12296468932126486,0.2,4,0.0,0.0,7,ablation,4,16,4,1.3238762395816688,0.9305156326531313
trust_plus_distillation,0.475,TrustWeightedFedAvg,trust_weighted_fedavg,poison,0.91708775,0.19208,0.0,0,0.07746073714214913,,strong_non_iid,1.0,1.0,1.0,True,0,4,4,0.0,0,0,0.85,1.0,0.9450311339031845,9.15125,-0.1258337578390017,0.2,4,0.0,0.0,7,ablation,4,16,4,1.3424651576952076,0.9688222501117275
complete_flare_secure_fl,0.475,TrustWeightedFedAvg,trust_weighted_fedavg,poison,0.9156187499999999,0.19208,0.0,0,0.042720064387813846,,strong_non_iid,1.0,1.0,1.0,True,0,4,4,0.0,0,0,0.85,1.0,0.9077737932071115,8.5995,-0.12296468932126486,0.2,4,0.0,0.0,7,ablation,4,16,4,1.3238762395816688,0.9305156326531313
fedavg,0.43,FedAvg,FedAvg,poison,,,0.0,0,0.09138859645507198,,strong_non_iid,0.0,0.0,0.0,False,0,0,0,0.0,4,0,0.85,0.0,0.8795284788319304,0.0,0.11215439369907894,0.2,0,0.0,0.0,42,ablation,4,16,0,1.6167910093955098,0.9027606486649332
fedavg_plus_clipping,0.43,fedavg_plus_clipping,fedavg_plus_clipping,poison,,,0.0,0,0.007797652817743169,,strong_non_iid,0.0,0.0,0.0,False,0,0,0,0.0,4,0,0.85,0.0,0.7380152534833501,0.0,0.1578976327272876,0.2,0,0.0,0.0,42,ablation,4,16,0,1.5807829413107433,0.7661169135668388
coordinate_median,0.43,coordinate_median,coordinate_median,poison,,,0.0,0,0.008829203942989255,,strong_non_iid,0.0,0.0,0.0,False,0,0,0,0.0,4,0,0.85,0.0,0.7414143680260352,0.0,0.1444407786212691,0.2,0,0.0,0.0,42,ablation,4,16,0,1.585731624416383,0.7678201851569394
trimmed_mean,0.43,trimmed_mean,trimmed_mean,poison,,,0.0,0,0.007308918211620066,,strong_non_iid,0.0,0.0,0.0,False,0,0,0,0.0,4,0,0.85,0.0,0.7365541196700361,0.0,0.15529598965113603,0.2,0,0.0,0.0,42,ablation,4,16,0,1.5812496880160634,0.764148050619664
trust_weighted_current_round,0.43,TrustWeightedFedAvg,trust_weighted_fedavg,poison,0.94619875,0.0,0.0,0,0.005947806754573579,,strong_non_iid,1.0,1.0,1.0,False,0,0,0,0.0,0,0,0.85,1.0,0.7313902065658435,0.0,0.16095058122452133,0.2,4,0.0,0.0,42,ablation,4,16,4,1.5784860039388366,0.7599488085646515
trust_plus_historical_reputation,0.43,TrustWeightedFedAvg,trust_weighted_fedavg,poison,0.8962302500000001,0.19208,0.0,0,0.00506239364410042,,strong_non_iid,1.0,1.0,1.0,False,0,0,0,0.0,0,0,0.85,1.0,0.7284032938773265,0.0,0.1640002186009852,0.2,4,0.0,0.0,42,ablation,4,16,4,1.5766064248266292,0.757313658264154
trust_plus_clipping,0.43,TrustWeightedFedAvg,trust_weighted_fedavg,poison,0.8962302500000001,0.19208,0.0,0,0.00506239364410042,,strong_non_iid,1.0,1.0,1.0,False,0,0,0,0.0,0,0,0.85,1.0,0.7284032938773265,0.0,0.1640002186009852,0.2,4,0.0,0.0,42,ablation,4,16,4,1.5766064248266292,0.757313658264154
trust_plus_distillation,0.43,TrustWeightedFedAvg,trust_weighted_fedavg,poison,0.8962302500000001,0.19208,0.0,0,0.00506239364410042,,strong_non_iid,1.0,1.0,1.0,True,0,4,4,0.0,0,0,0.85,1.0,0.7284032938773265,8.457749999999999,0.1640002186009852,0.2,4,0.0,0.0,42,ablation,4,16,4,1.5766064248266292,0.757313658264154
complete_flare_secure_fl,0.43,TrustWeightedFedAvg,trust_weighted_fedavg,poison,0.8962302500000001,0.19208,0.0,0,0.00506239364410042,,strong_non_iid,1.0,1.0,1.0,True,0,4,4,0.0,0,0,0.85,1.0,0.7284032938773265,8.5655,0.1640002186009852,0.2,4,0.0,0.0,42,ablation,4,16,4,1.5766064248266292,0.757313658264154
fedavg,0.5025,FedAvg,FedAvg,poison,,,0.0,0,1428.6555013304867,,strong_non_iid,0.0,0.0,0.0,False,0,0,0,0.6688851913477537,4,0,0.85,0.0,12.368115913938123,0.0,0.15777829094153864,0.2,0,0.5025,1.0,99,ablation,4,16,0,1.875691018531393,12.427362547123357
fedavg_plus_clipping,0.5025,fedavg_plus_clipping,fedavg_plus_clipping,poison,,,0.0,0,0.03564405904547149,,strong_non_iid,0.0,0.0,0.0,False,0,0,0,0.6688851913477537,4,0,0.85,0.0,1.5982732308777312,0.0,0.5243918635646321,0.2,0,0.5025,1.0,99,ablation,4,16,0,1.8197979619487223,1.6572531120064
coordinate_median,0.5025,coordinate_median,coordinate_median,poison,,,0.0,0,0.011097557967928062,,strong_non_iid,0.0,0.0,0.0,False,0,0,0,0.6688851913477537,4,0,0.85,0.0,1.5113755931118849,0.0,0.567562636129787,0.2,0,0.5025,1.0,99,ablation,4,16,0,1.8041660548251606,1.5763028741019085
trimmed_mean,0.5025,trimmed_mean,trimmed_mean,poison,,,0.0,0,0.010735480504620677,,strong_non_iid,0.0,0.0,0.0,False,0,0,0,0.6688851913477537,4,0,0.85,0.0,1.5193486063966795,0.0,0.5653187367555483,0.2,0,0.5025,1.0,99,ablation,4,16,0,1.806537976866494,1.5836447880564573
trust_weighted_current_round,0.5025,TrustWeightedFedAvg,trust_weighted_fedavg,poison,0.985676,0.0,0.0,0,0.006244969447647474,,strong_non_iid,1.0,1.0,1.0,False,0,0,0,0.6688851913477537,0,0,0.85,1.0,1.5044434246418952,0.0,0.5753522402423042,0.2,4,0.5025,1.0,99,ablation,4,16,4,1.8038457613573884,1.5700513873315431
trust_plus_historical_reputation,0.5025,TrustWeightedFedAvg,trust_weighted_fedavg,poison,0.940078,0.19208,0.0,0,0.006245803669212034,,strong_non_iid,1.0,1.0,1.0,False,0,0,0,0.6688851913477537,0,0,0.85,1.0,1.5044763139332513,0.0,0.5753594112924294,0.2,4,0.5025,1.0,99,ablation,4,16,4,1.8038532252336168,1.5700834665337435
trust_plus_clipping,0.5025,TrustWeightedFedAvg,trust_weighted_fedavg,poison,0.940078,0.19208,0.0,0,0.006245803669212034,,strong_non_iid,1.0,1.0,1.0,False,0,0,0,0.6688851913477537,0,0,0.85,1.0,1.5044763139332513,0.0,0.5753594112924294,0.2,4,0.5025,1.0,99,ablation,4,16,4,1.8038532252336168,1.5700834665337435
trust_plus_distillation,0.5025,TrustWeightedFedAvg,trust_weighted_fedavg,poison,0.940078,0.19208,0.0,0,0.006245803669212034,,strong_non_iid,1.0,1.0,1.0,True,0,4,4,0.6688851913477537,0,0,0.85,1.0,1.5044763139332513,8.713,0.5753594112924294,0.2,4,0.5025,1.0,99,ablation,4,16,4,1.8038532252336168,1.5700834665337435
complete_flare_secure_fl,0.5025,TrustWeightedFedAvg,trust_weighted_fedavg,poison,0.940078,0.19208,0.0,0,0.006245803669212034,,strong_non_iid,1.0,1.0,1.0,True,0,4,4,0.6688851913477537,0,0,0.85,1.0,1.5044763139332513,8.939,0.5753594112924294,0.2,4,0.5025,1.0,99,ablation,4,16,4,1.8038532252336168,1.5700834665337435
